Key,Enlish
HoloMember/Shion,Shion
HoloMember/Subaru,Subaru
HoloMember/Miko,Miko
HoloMember/Mel,Mel
HoloMember/Aki,Aki
HoloMember/Suisei,Suisei
HoloMember/Roboco,Roboco San
HoloMember/A,A-chan
HoloMember/Coco,Coco
HoloMember/Matsuri,Matsuri
HoloMember/AZKi,AZKi
HoloMember/Haachama,Haachama
HoloMember/Kiara,Kiara
HoloMember/Sora,Sora
HoloMember/Choco,Choco
HoloMember/Aqua,Aqua